Timestamp,Container,CPU%,MemUsage(MB),MemLimit(MB),Mem%
2026-02-22T14:36:30.868Z,api-bank-app-2,0,54.98,1024.00,5.37
2026-02-22T14:36:30.868Z,api-bank-app-1,0,55.02,1024.00,5.37
2026-02-22T14:36:30.868Z,bank-api-pgbouncer,0.03,1.67,512.00,0.33
2026-02-22T14:36:30.868Z,bank-api-db,0.06,139.00,6144.00,2.26
2026-02-22T14:36:31.875Z,api-bank-app-2,0,54.98,1024.00,5.37
2026-02-22T14:36:31.875Z,api-bank-app-1,0,55.02,1024.00,5.37
2026-02-22T14:36:31.875Z,bank-api-pgbouncer,0.03,1.67,512.00,0.33
2026-02-22T14:36:31.875Z,bank-api-db,0.04,139.00,6144.00,2.26
2026-02-22T14:36:32.880Z,api-bank-app-2,0,54.98,1024.00,5.37
2026-02-22T14:36:32.880Z,api-bank-app-1,0,55.02,1024.00,5.37
2026-02-22T14:36:32.880Z,bank-api-pgbouncer,0.06,1.67,512.00,0.33
2026-02-22T14:36:32.880Z,bank-api-db,0.02,139.00,6144.00,2.26
2026-02-22T14:36:33.921Z,api-bank-app-2,0,54.98,1024.00,5.37
2026-02-22T14:36:33.921Z,api-bank-app-1,0,55.02,1024.00,5.37
2026-02-22T14:36:33.921Z,bank-api-pgbouncer,0.03,1.67,512.00,0.33
2026-02-22T14:36:33.921Z,bank-api-db,0.07,139.00,6144.00,2.26
2026-02-22T14:36:34.919Z,api-bank-app-2,0,54.98,1024.00,5.37
2026-02-22T14:36:34.919Z,api-bank-app-1,0,55.02,1024.00,5.37
2026-02-22T14:36:34.919Z,bank-api-pgbouncer,0.04,1.67,512.00,0.33
2026-02-22T14:36:34.919Z,bank-api-db,0.07,139.00,6144.00,2.26
2026-02-22T14:36:35.964Z,api-bank-app-2,0,54.98,1024.00,5.37
2026-02-22T14:36:35.964Z,api-bank-app-1,0,55.02,1024.00,5.37
2026-02-22T14:36:35.964Z,bank-api-pgbouncer,0.05,1.67,512.00,0.33
2026-02-22T14:36:35.964Z,bank-api-db,0.04,139.00,6144.00,2.26
2026-02-22T14:36:36.942Z,api-bank-app-2,0,54.98,1024.00,5.37
2026-02-22T14:36:36.942Z,api-bank-app-1,0,55.02,1024.00,5.37
2026-02-22T14:36:36.942Z,bank-api-pgbouncer,0.04,1.67,512.00,0.33
2026-02-22T14:36:36.942Z,bank-api-db,0.03,139.00,6144.00,2.26
2026-02-22T14:36:37.959Z,api-bank-app-2,0,54.98,1024.00,5.37
2026-02-22T14:36:37.959Z,api-bank-app-1,0,55.02,1024.00,5.37
2026-02-22T14:36:37.959Z,bank-api-pgbouncer,0.04,1.67,512.00,0.33
2026-02-22T14:36:37.959Z,bank-api-db,0.03,139.00,6144.00,2.26
2026-02-22T14:36:38.966Z,api-bank-app-2,0,54.98,1024.00,5.37
2026-02-22T14:36:38.966Z,api-bank-app-1,0,55.02,1024.00,5.37
2026-02-22T14:36:38.966Z,bank-api-pgbouncer,0.07,1.67,512.00,0.33
2026-02-22T14:36:38.966Z,bank-api-db,0.03,139.00,6144.00,2.26
2026-02-22T14:36:39.992Z,api-bank-app-2,0,54.98,1024.00,5.37
2026-02-22T14:36:39.992Z,api-bank-app-1,0,55.02,1024.00,5.37
2026-02-22T14:36:39.992Z,bank-api-pgbouncer,0.02,1.67,512.00,0.33
2026-02-22T14:36:39.992Z,bank-api-db,0.03,139.00,6144.00,2.26
2026-02-22T14:36:40.029Z,api-bank-app-2,0,54.98,1024.00,5.37
2026-02-22T14:36:40.029Z,api-bank-app-1,0,55.02,1024.00,5.37
2026-02-22T14:36:40.029Z,bank-api-pgbouncer,0.02,1.67,512.00,0.33
2026-02-22T14:36:40.029Z,bank-api-db,0.02,139.00,6144.00,2.26
2026-02-22T14:36:41.060Z,api-bank-app-2,0,54.98,1024.00,5.37
2026-02-22T14:36:41.060Z,api-bank-app-1,0,55.02,1024.00,5.37
2026-02-22T14:36:41.060Z,bank-api-pgbouncer,0.02,1.67,512.00,0.33
2026-02-22T14:36:41.060Z,bank-api-db,0.02,139.00,6144.00,2.26
2026-02-22T14:36:42.037Z,api-bank-app-2,0,54.98,1024.00,5.37
2026-02-22T14:36:42.037Z,api-bank-app-1,0,55.02,1024.00,5.37
2026-02-22T14:36:42.037Z,bank-api-pgbouncer,0.02,1.67,512.00,0.33
2026-02-22T14:36:42.037Z,bank-api-db,0.03,139.00,6144.00,2.26
2026-02-22T14:36:44.049Z,api-bank-app-2,0,54.98,1024.00,5.37
2026-02-22T14:36:44.049Z,api-bank-app-1,0,55.02,1024.00,5.37
2026-02-22T14:36:44.049Z,bank-api-pgbouncer,0.03,1.67,512.00,0.33
2026-02-22T14:36:44.049Z,bank-api-db,0.03,139.00,6144.00,2.26
2026-02-22T14:36:45.059Z,api-bank-app-2,0,54.98,1024.00,5.37
2026-02-22T14:36:45.059Z,api-bank-app-1,0,55.02,1024.00,5.37
2026-02-22T14:36:45.059Z,bank-api-pgbouncer,0.03,1.67,512.00,0.33
2026-02-22T14:36:45.059Z,bank-api-db,0.03,139.00,6144.00,2.26
2026-02-22T14:36:45.062Z,api-bank-app-2,0,54.98,1024.00,5.37
2026-02-22T14:36:45.062Z,api-bank-app-1,0,55.02,1024.00,5.37
2026-02-22T14:36:45.062Z,bank-api-pgbouncer,0.03,1.67,512.00,0.33
2026-02-22T14:36:45.062Z,bank-api-db,0,139.00,6144.00,2.26
2026-02-22T14:36:47.119Z,api-bank-app-2,0,54.98,1024.00,5.37
2026-02-22T14:36:47.119Z,api-bank-app-1,0,55.02,1024.00,5.37
2026-02-22T14:36:47.119Z,bank-api-pgbouncer,0.04,1.67,512.00,0.33
2026-02-22T14:36:47.119Z,bank-api-db,0,139.20,6144.00,2.27
2026-02-22T14:36:47.130Z,api-bank-app-2,0.02,54.98,1024.00,5.37
2026-02-22T14:36:47.130Z,api-bank-app-1,0,55.02,1024.00,5.37
2026-02-22T14:36:47.130Z,bank-api-pgbouncer,0.03,1.67,512.00,0.33
2026-02-22T14:36:47.130Z,bank-api-db,0,139.20,6144.00,2.27
2026-02-22T14:36:48.132Z,api-bank-app-2,0,54.98,1024.00,5.37
2026-02-22T14:36:48.132Z,api-bank-app-1,0.01,55.02,1024.00,5.37
2026-02-22T14:36:48.132Z,bank-api-pgbouncer,0.04,1.67,512.00,0.33
2026-02-22T14:36:48.132Z,bank-api-db,0,139.20,6144.00,2.27
2026-02-22T14:36:49.162Z,api-bank-app-2,0,54.98,1024.00,5.37
2026-02-22T14:36:49.162Z,api-bank-app-1,0,55.02,1024.00,5.37
2026-02-22T14:36:49.162Z,bank-api-pgbouncer,0.03,1.67,512.00,0.33
2026-02-22T14:36:49.162Z,bank-api-db,0.01,139.20,6144.00,2.27
2026-02-22T14:36:50.189Z,api-bank-app-2,0,54.98,1024.00,5.37
2026-02-22T14:36:50.189Z,api-bank-app-1,0,55.02,1024.00,5.37
2026-02-22T14:36:50.189Z,bank-api-pgbouncer,0.03,1.67,512.00,0.33
2026-02-22T14:36:50.189Z,bank-api-db,0,139.20,6144.00,2.27
2026-02-22T14:36:51.162Z,api-bank-app-2,0,54.98,1024.00,5.37
2026-02-22T14:36:51.162Z,api-bank-app-1,0,55.02,1024.00,5.37
2026-02-22T14:36:51.162Z,bank-api-pgbouncer,0.04,1.67,512.00,0.33
2026-02-22T14:36:51.162Z,bank-api-db,0,139.20,6144.00,2.27
2026-02-22T14:36:52.175Z,api-bank-app-2,0,54.98,1024.00,5.37
2026-02-22T14:36:52.175Z,api-bank-app-1,0,55.02,1024.00,5.37
2026-02-22T14:36:52.175Z,bank-api-pgbouncer,0.04,1.67,512.00,0.33
2026-02-22T14:36:52.175Z,bank-api-db,0,139.20,6144.00,2.27
2026-02-22T14:36:53.214Z,api-bank-app-2,0,54.98,1024.00,5.37
2026-02-22T14:36:53.214Z,api-bank-app-1,0,55.02,1024.00,5.37
2026-02-22T14:36:53.214Z,bank-api-pgbouncer,0.02,1.67,512.00,0.33
2026-02-22T14:36:53.214Z,bank-api-db,0,139.20,6144.00,2.27
2026-02-22T14:36:54.233Z,api-bank-app-2,0,54.98,1024.00,5.37
2026-02-22T14:36:54.233Z,api-bank-app-1,0,55.02,1024.00,5.37
2026-02-22T14:36:54.233Z,bank-api-pgbouncer,0.03,1.67,512.00,0.33
2026-02-22T14:36:54.233Z,bank-api-db,0.01,139.20,6144.00,2.27
2026-02-22T14:36:55.323Z,api-bank-app-2,75.73,60.12,1024.00,5.87
2026-02-22T14:36:55.323Z,api-bank-app-1,76.53,60.21,1024.00,5.88
2026-02-22T14:36:55.323Z,bank-api-pgbouncer,22.54,1.76,512.00,0.34
2026-02-22T14:36:55.323Z,bank-api-db,55.48,161.50,6144.00,2.63
2026-02-22T14:36:56.279Z,api-bank-app-2,104.23,67.50,1024.00,6.59
2026-02-22T14:36:56.279Z,api-bank-app-1,101.5,67.42,1024.00,6.58
2026-02-22T14:36:56.279Z,bank-api-pgbouncer,32.24,1.85,512.00,0.36
2026-02-22T14:36:56.279Z,bank-api-db,70.97,184.40,6144.00,3
2026-02-22T14:36:58.355Z,api-bank-app-2,91.5,71.20,1024.00,6.95
2026-02-22T14:36:58.355Z,api-bank-app-1,92.9,71.15,1024.00,6.95
2026-02-22T14:36:58.355Z,bank-api-pgbouncer,13.97,1.90,512.00,0.37
2026-02-22T14:36:58.355Z,bank-api-db,47.98,219.70,6144.00,3.58
2026-02-22T14:36:59.412Z,api-bank-app-2,82.47,72.10,1024.00,7.04
2026-02-22T14:36:59.412Z,api-bank-app-1,98.39,71.70,1024.00,7
2026-02-22T14:36:59.412Z,bank-api-pgbouncer,20.32,1.92,512.00,0.38
2026-02-22T14:36:59.412Z,bank-api-db,59.19,220.10,6144.00,3.58
2026-02-22T14:36:59.415Z,api-bank-app-2,82.47,72.10,1024.00,7.04
2026-02-22T14:36:59.415Z,api-bank-app-1,98.39,71.70,1024.00,7
2026-02-22T14:36:59.415Z,bank-api-pgbouncer,20.32,1.92,512.00,0.38
2026-02-22T14:36:59.415Z,bank-api-db,59.19,220.10,6144.00,3.58
2026-02-22T14:37:01.520Z,api-bank-app-2,74.31,73.64,1024.00,7.19
2026-02-22T14:37:01.520Z,api-bank-app-1,82.64,73.02,1024.00,7.13
2026-02-22T14:37:01.520Z,bank-api-pgbouncer,21.61,1.91,512.00,0.37
2026-02-22T14:37:01.520Z,bank-api-db,53.89,221.10,6144.00,3.6
2026-02-22T14:37:01.552Z,api-bank-app-2,74.31,73.64,1024.00,7.19
2026-02-22T14:37:01.552Z,api-bank-app-1,82.64,73.02,1024.00,7.13
2026-02-22T14:37:01.552Z,bank-api-pgbouncer,21.61,1.91,512.00,0.37
2026-02-22T14:37:01.552Z,bank-api-db,53.89,221.10,6144.00,3.6
2026-02-22T14:37:03.423Z,api-bank-app-2,87.53,74.07,1024.00,7.23
2026-02-22T14:37:03.423Z,api-bank-app-1,87.74,73.50,1024.00,7.18
2026-02-22T14:37:03.423Z,bank-api-pgbouncer,19.22,2.42,512.00,0.47
2026-02-22T14:37:03.423Z,bank-api-db,68.21,221.50,6144.00,3.61
2026-02-22T14:37:04.500Z,api-bank-app-2,87.37,73.93,1024.00,7.22
2026-02-22T14:37:04.500Z,api-bank-app-1,79.58,73.97,1024.00,7.22
2026-02-22T14:37:04.500Z,bank-api-pgbouncer,18.99,1.91,512.00,0.37
2026-02-22T14:37:04.500Z,bank-api-db,68.36,221.60,6144.00,3.61
2026-02-22T14:37:04.501Z,api-bank-app-2,87.37,73.93,1024.00,7.22
2026-02-22T14:37:04.501Z,api-bank-app-1,79.58,73.97,1024.00,7.22
2026-02-22T14:37:04.501Z,bank-api-pgbouncer,18.99,1.91,512.00,0.37
2026-02-22T14:37:04.501Z,bank-api-db,68.36,221.60,6144.00,3.61
2026-02-22T14:37:05.504Z,api-bank-app-2,82.36,73.84,1024.00,7.21
2026-02-22T14:37:05.504Z,api-bank-app-1,93.57,73.98,1024.00,7.22
2026-02-22T14:37:05.504Z,bank-api-pgbouncer,22.04,2.18,512.00,0.42
2026-02-22T14:37:05.504Z,bank-api-db,77.67,221.50,6144.00,3.6
2026-02-22T14:37:06.559Z,api-bank-app-2,66.58,73.99,1024.00,7.23
2026-02-22T14:37:06.559Z,api-bank-app-1,98.89,74.51,1024.00,7.28
2026-02-22T14:37:06.559Z,bank-api-pgbouncer,19.7,1.93,512.00,0.38
2026-02-22T14:37:06.559Z,bank-api-db,68.42,222.40,6144.00,3.62
2026-02-22T14:37:07.521Z,api-bank-app-2,100.66,74.67,1024.00,7.29
2026-02-22T14:37:07.521Z,api-bank-app-1,63.27,74.35,1024.00,7.26
2026-02-22T14:37:07.521Z,bank-api-pgbouncer,19.3,1.92,512.00,0.37
2026-02-22T14:37:07.521Z,bank-api-db,68.82,222.10,6144.00,3.62
2026-02-22T14:37:08.569Z,api-bank-app-2,98.09,74.51,1024.00,7.28
2026-02-22T14:37:08.569Z,api-bank-app-1,78.03,74.45,1024.00,7.27
2026-02-22T14:37:08.569Z,bank-api-pgbouncer,19.71,1.92,512.00,0.38
2026-02-22T14:37:08.569Z,bank-api-db,70.98,222.70,6144.00,3.63
2026-02-22T14:37:09.568Z,api-bank-app-2,86.62,74.37,1024.00,7.26
2026-02-22T14:37:09.568Z,api-bank-app-1,88.17,75.16,1024.00,7.34
2026-02-22T14:37:09.568Z,bank-api-pgbouncer,16.01,1.93,512.00,0.38
2026-02-22T14:37:09.568Z,bank-api-db,57.71,222.10,6144.00,3.61
2026-02-22T14:37:10.835Z,api-bank-app-2,83.05,74.72,1024.00,7.3
2026-02-22T14:37:10.835Z,api-bank-app-1,97.83,76.12,1024.00,7.43
2026-02-22T14:37:10.835Z,bank-api-pgbouncer,20.67,1.91,512.00,0.37
2026-02-22T14:37:10.835Z,bank-api-db,71.86,221.90,6144.00,3.61
2026-02-22T14:37:11.650Z,api-bank-app-2,90.29,74.82,1024.00,7.31
2026-02-22T14:37:11.650Z,api-bank-app-1,95.02,76.41,1024.00,7.46
2026-02-22T14:37:11.650Z,bank-api-pgbouncer,19.69,2.42,512.00,0.47
2026-02-22T14:37:11.650Z,bank-api-db,67.1,222.10,6144.00,3.61
2026-02-22T14:37:12.677Z,api-bank-app-2,90.52,76.40,1024.00,7.46
2026-02-22T14:37:12.677Z,api-bank-app-1,88.66,76.18,1024.00,7.44
2026-02-22T14:37:12.677Z,bank-api-pgbouncer,23.02,1.92,512.00,0.37
2026-02-22T14:37:12.677Z,bank-api-db,76.29,222.70,6144.00,3.62
2026-02-22T14:37:13.682Z,api-bank-app-2,97.62,76.46,1024.00,7.47
2026-02-22T14:37:13.682Z,api-bank-app-1,75.77,76.52,1024.00,7.47
2026-02-22T14:37:13.682Z,bank-api-pgbouncer,20.9,1.93,512.00,0.38
2026-02-22T14:37:13.682Z,bank-api-db,76.7,222.40,6144.00,3.62
2026-02-22T14:37:14.698Z,api-bank-app-2,99.34,76.67,1024.00,7.49
2026-02-22T14:37:14.698Z,api-bank-app-1,64.83,76.56,1024.00,7.48
2026-02-22T14:37:14.698Z,bank-api-pgbouncer,19.75,1.92,512.00,0.38
2026-02-22T14:37:14.698Z,bank-api-db,73.03,222.90,6144.00,3.63
2026-02-22T14:37:15.718Z,api-bank-app-2,88.43,76.66,1024.00,7.49
2026-02-22T14:37:15.718Z,api-bank-app-1,75.14,76.54,1024.00,7.47
2026-02-22T14:37:15.718Z,bank-api-pgbouncer,19.29,2.40,512.00,0.47
2026-02-22T14:37:15.718Z,bank-api-db,70.95,222.40,6144.00,3.62
2026-02-22T14:37:16.778Z,api-bank-app-2,86.36,76.92,1024.00,7.51
2026-02-22T14:37:16.778Z,api-bank-app-1,81.43,76.71,1024.00,7.49
2026-02-22T14:37:16.778Z,bank-api-pgbouncer,20.84,1.92,512.00,0.37
2026-02-22T14:37:16.778Z,bank-api-db,76.77,222.70,6144.00,3.62
2026-02-22T14:37:17.772Z,api-bank-app-2,97.64,77.00,1024.00,7.52
2026-02-22T14:37:17.772Z,api-bank-app-1,84.35,76.78,1024.00,7.5
2026-02-22T14:37:17.772Z,bank-api-pgbouncer,22.52,1.94,512.00,0.38
2026-02-22T14:37:17.772Z,bank-api-db,79.6,223.00,6144.00,3.63
2026-02-22T14:37:18.820Z,api-bank-app-2,90.61,76.97,1024.00,7.52
2026-02-22T14:37:18.820Z,api-bank-app-1,84.32,77.02,1024.00,7.52
2026-02-22T14:37:18.820Z,bank-api-pgbouncer,23.47,2.18,512.00,0.42
2026-02-22T14:37:18.820Z,bank-api-db,79.61,223.50,6144.00,3.64
2026-02-22T14:37:19.831Z,api-bank-app-2,90.15,76.95,1024.00,7.51
2026-02-22T14:37:19.831Z,api-bank-app-1,83.21,77.83,1024.00,7.6
2026-02-22T14:37:19.831Z,bank-api-pgbouncer,22.97,1.92,512.00,0.37
2026-02-22T14:37:19.831Z,bank-api-db,80.31,223.60,6144.00,3.64
2026-02-22T14:37:20.854Z,api-bank-app-2,85.68,76.98,1024.00,7.52
2026-02-22T14:37:20.854Z,api-bank-app-1,79.87,77.27,1024.00,7.55
2026-02-22T14:37:20.854Z,bank-api-pgbouncer,21.21,1.93,512.00,0.38
2026-02-22T14:37:20.854Z,bank-api-db,78.42,224.20,6144.00,3.65
2026-02-22T14:37:21.888Z,api-bank-app-2,83.96,76.71,1024.00,7.49
2026-02-22T14:37:21.888Z,api-bank-app-1,87.32,77.55,1024.00,7.57
2026-02-22T14:37:21.888Z,bank-api-pgbouncer,22.13,1.93,512.00,0.38
2026-02-22T14:37:21.888Z,bank-api-db,73.1,224.00,6144.00,3.65
2026-02-22T14:37:22.889Z,api-bank-app-2,72.95,77.00,1024.00,7.52
2026-02-22T14:37:22.889Z,api-bank-app-1,99.34,78.54,1024.00,7.67
2026-02-22T14:37:22.889Z,bank-api-pgbouncer,21.21,2.43,512.00,0.47
2026-02-22T14:37:22.889Z,bank-api-db,73.79,223.70,6144.00,3.64
2026-02-22T14:37:23.956Z,api-bank-app-2,77.02,77.07,1024.00,7.53
2026-02-22T14:37:23.956Z,api-bank-app-1,98.3,78.13,1024.00,7.63
2026-02-22T14:37:23.956Z,bank-api-pgbouncer,20.77,2.42,512.00,0.47
2026-02-22T14:37:23.956Z,bank-api-db,73.62,223.80,6144.00,3.64
2026-02-22T14:37:25.001Z,api-bank-app-2,81.22,76.83,1024.00,7.5
2026-02-22T14:37:25.001Z,api-bank-app-1,99.52,77.32,1024.00,7.55
2026-02-22T14:37:25.001Z,bank-api-pgbouncer,20.75,2.17,512.00,0.42
2026-02-22T14:37:25.001Z,bank-api-db,73.72,224.00,6144.00,3.65
2026-02-22T14:37:26.007Z,api-bank-app-2,95.76,76.82,1024.00,7.5
2026-02-22T14:37:26.007Z,api-bank-app-1,70.48,77.60,1024.00,7.58
2026-02-22T14:37:26.007Z,bank-api-pgbouncer,23.71,2.18,512.00,0.43
2026-02-22T14:37:26.007Z,bank-api-db,69.61,224.10,6144.00,3.65
2026-02-22T14:37:27.024Z,api-bank-app-2,72.6,76.81,1024.00,7.5
2026-02-22T14:37:27.024Z,api-bank-app-1,99.16,77.66,1024.00,7.58
2026-02-22T14:37:27.024Z,bank-api-pgbouncer,21.51,2.16,512.00,0.42
2026-02-22T14:37:27.024Z,bank-api-db,67.85,223.80,6144.00,3.64
2026-02-22T14:37:28.030Z,api-bank-app-2,76.15,77.13,1024.00,7.53
2026-02-22T14:37:28.030Z,api-bank-app-1,94.69,77.64,1024.00,7.58
2026-02-22T14:37:28.030Z,bank-api-pgbouncer,21.48,1.91,512.00,0.37
2026-02-22T14:37:28.030Z,bank-api-db,69.85,224.40,6144.00,3.65
2026-02-22T14:37:29.223Z,api-bank-app-2,65.71,76.84,1024.00,7.5
2026-02-22T14:37:29.223Z,api-bank-app-1,94.29,77.40,1024.00,7.56
2026-02-22T14:37:29.223Z,bank-api-pgbouncer,22.76,1.91,512.00,0.37
2026-02-22T14:37:29.223Z,bank-api-db,66.68,223.90,6144.00,3.64
2026-02-22T14:37:30.222Z,api-bank-app-2,94.53,77.16,1024.00,7.53
2026-02-22T14:37:30.222Z,api-bank-app-1,96.86,77.62,1024.00,7.58
2026-02-22T14:37:30.222Z,bank-api-pgbouncer,25.24,1.93,512.00,0.38
2026-02-22T14:37:30.222Z,bank-api-db,80.4,223.90,6144.00,3.64
2026-02-22T14:37:31.253Z,api-bank-app-2,91.73,77.07,1024.00,7.53
2026-02-22T14:37:31.253Z,api-bank-app-1,73.64,77.88,1024.00,7.61
2026-02-22T14:37:31.253Z,bank-api-pgbouncer,22.21,2.16,512.00,0.42
2026-02-22T14:37:31.253Z,bank-api-db,62.85,223.90,6144.00,3.64
2026-02-22T14:37:32.360Z,api-bank-app-2,41.62,76.86,1024.00,7.51
2026-02-22T14:37:32.360Z,api-bank-app-1,102.01,78.00,1024.00,7.62
2026-02-22T14:37:32.360Z,bank-api-pgbouncer,18.16,1.92,512.00,0.37
2026-02-22T14:37:32.360Z,bank-api-db,61.47,224.10,6144.00,3.65
2026-02-22T14:37:33.305Z,api-bank-app-2,57.09,77.14,1024.00,7.53
2026-02-22T14:37:33.305Z,api-bank-app-1,101.29,79.04,1024.00,7.72
2026-02-22T14:37:33.305Z,bank-api-pgbouncer,19.46,1.91,512.00,0.37
2026-02-22T14:37:33.305Z,bank-api-db,42.07,225.60,6144.00,3.67
2026-02-22T14:37:34.335Z,api-bank-app-2,91.51,77.12,1024.00,7.53
2026-02-22T14:37:34.335Z,api-bank-app-1,82.84,78.02,1024.00,7.62
2026-02-22T14:37:34.335Z,bank-api-pgbouncer,21.85,1.92,512.00,0.38
2026-02-22T14:37:34.335Z,bank-api-db,75.84,224.30,6144.00,3.65
2026-02-22T14:37:35.337Z,api-bank-app-2,94.56,76.88,1024.00,7.51
2026-02-22T14:37:35.337Z,api-bank-app-1,76.07,78.06,1024.00,7.62
2026-02-22T14:37:35.337Z,bank-api-pgbouncer,20.57,1.91,512.00,0.37
2026-02-22T14:37:35.337Z,bank-api-db,77.21,224.70,6144.00,3.66
2026-02-22T14:37:36.397Z,api-bank-app-2,99.66,77.51,1024.00,7.57
2026-02-22T14:37:36.397Z,api-bank-app-1,72,78.31,1024.00,7.65
2026-02-22T14:37:36.397Z,bank-api-pgbouncer,21.12,2.17,512.00,0.42
2026-02-22T14:37:36.397Z,bank-api-db,79.5,224.20,6144.00,3.65
2026-02-22T14:37:37.396Z,api-bank-app-2,98.35,77.44,1024.00,7.56
2026-02-22T14:37:37.396Z,api-bank-app-1,86.89,78.11,1024.00,7.63
2026-02-22T14:37:37.396Z,bank-api-pgbouncer,22.26,2.18,512.00,0.43
2026-02-22T14:37:37.396Z,bank-api-db,79.78,224.60,6144.00,3.65
2026-02-22T14:37:38.411Z,api-bank-app-2,84.42,77.74,1024.00,7.59
2026-02-22T14:37:38.411Z,api-bank-app-1,93.47,78.10,1024.00,7.63
2026-02-22T14:37:38.411Z,bank-api-pgbouncer,22.27,1.92,512.00,0.38
2026-02-22T14:37:38.411Z,bank-api-db,81.38,225.00,6144.00,3.66
2026-02-22T14:37:39.441Z,api-bank-app-2,66.02,77.69,1024.00,7.59
2026-02-22T14:37:39.441Z,api-bank-app-1,87.24,77.94,1024.00,7.61
2026-02-22T14:37:39.441Z,bank-api-pgbouncer,18.69,1.92,512.00,0.38
2026-02-22T14:37:39.441Z,bank-api-db,68.16,225.00,6144.00,3.66
2026-02-22T14:37:40.480Z,api-bank-app-2,92.34,77.73,1024.00,7.59
2026-02-22T14:37:40.480Z,api-bank-app-1,58.17,77.83,1024.00,7.6
2026-02-22T14:37:40.480Z,bank-api-pgbouncer,20.04,1.91,512.00,0.37
2026-02-22T14:37:40.480Z,bank-api-db,65.4,224.60,6144.00,3.66
2026-02-22T14:37:41.494Z,api-bank-app-2,70.72,77.67,1024.00,7.58
2026-02-22T14:37:41.494Z,api-bank-app-1,96.66,78.06,1024.00,7.62
2026-02-22T14:37:41.494Z,bank-api-pgbouncer,20.37,1.93,512.00,0.38
2026-02-22T14:37:41.494Z,bank-api-db,71.37,225.20,6144.00,3.67
2026-02-22T14:37:42.518Z,api-bank-app-2,100.44,77.74,1024.00,7.59
2026-02-22T14:37:42.518Z,api-bank-app-1,68.27,78.37,1024.00,7.65
2026-02-22T14:37:42.518Z,bank-api-pgbouncer,21.11,1.93,512.00,0.38
2026-02-22T14:37:42.518Z,bank-api-db,74.74,225.20,6144.00,3.67
2026-02-22T14:37:43.538Z,api-bank-app-2,87.41,77.71,1024.00,7.59
2026-02-22T14:37:43.538Z,api-bank-app-1,97.11,78.10,1024.00,7.63
2026-02-22T14:37:43.538Z,bank-api-pgbouncer,21.47,1.92,512.00,0.38
2026-02-22T14:37:43.538Z,bank-api-db,80.02,225.50,6144.00,3.67
2026-02-22T14:37:44.563Z,api-bank-app-2,87.41,77.71,1024.00,7.59
2026-02-22T14:37:44.563Z,api-bank-app-1,97.11,78.10,1024.00,7.63
2026-02-22T14:37:44.563Z,bank-api-pgbouncer,21.47,1.92,512.00,0.38
2026-02-22T14:37:44.563Z,bank-api-db,80.02,225.50,6144.00,3.67
2026-02-22T14:37:45.582Z,api-bank-app-2,98.64,77.39,1024.00,7.56
2026-02-22T14:37:45.582Z,api-bank-app-1,65.22,78.12,1024.00,7.63
2026-02-22T14:37:45.582Z,bank-api-pgbouncer,20.83,2.18,512.00,0.42
2026-02-22T14:37:45.582Z,bank-api-db,75.41,225.00,6144.00,3.66
2026-02-22T14:37:45.613Z,api-bank-app-2,98.64,77.39,1024.00,7.56
2026-02-22T14:37:45.613Z,api-bank-app-1,84.37,77.94,1024.00,7.61
2026-02-22T14:37:45.613Z,bank-api-pgbouncer,24.16,1.93,512.00,0.38
2026-02-22T14:37:45.613Z,bank-api-db,105.15,225.10,6144.00,3.66
2026-02-22T14:37:46.600Z,api-bank-app-2,76.82,77.73,1024.00,7.59
2026-02-22T14:37:46.600Z,api-bank-app-1,95.16,78.48,1024.00,7.66
2026-02-22T14:37:46.600Z,bank-api-pgbouncer,23.1,1.92,512.00,0.38
2026-02-22T14:37:46.600Z,bank-api-db,83.59,224.80,6144.00,3.66
2026-02-22T14:37:47.635Z,api-bank-app-2,95.33,77.90,1024.00,7.61
2026-02-22T14:37:47.635Z,api-bank-app-1,93.9,78.75,1024.00,7.69
2026-02-22T14:37:47.635Z,bank-api-pgbouncer,24.95,1.93,512.00,0.38
2026-02-22T14:37:47.635Z,bank-api-db,89.17,226.00,6144.00,3.68
2026-02-22T14:37:48.719Z,api-bank-app-2,93.27,77.67,1024.00,7.58
2026-02-22T14:37:48.719Z,api-bank-app-1,100.39,78.49,1024.00,7.67
2026-02-22T14:37:48.719Z,bank-api-pgbouncer,24.74,1.92,512.00,0.38
2026-02-22T14:37:48.719Z,bank-api-db,85.7,225.40,6144.00,3.67
2026-02-22T14:37:49.646Z,api-bank-app-2,96.42,77.70,1024.00,7.59
2026-02-22T14:37:49.646Z,api-bank-app-1,78.22,78.29,1024.00,7.65
2026-02-22T14:37:49.646Z,bank-api-pgbouncer,23,1.92,512.00,0.37
2026-02-22T14:37:49.646Z,bank-api-db,81.3,225.80,6144.00,3.67
2026-02-22T14:37:50.706Z,api-bank-app-2,90.93,77.66,1024.00,7.58
2026-02-22T14:37:50.706Z,api-bank-app-1,84.93,78.63,1024.00,7.68
2026-02-22T14:37:50.706Z,bank-api-pgbouncer,23.05,1.91,512.00,0.37
2026-02-22T14:37:50.706Z,bank-api-db,81.61,225.40,6144.00,3.67
2026-02-22T14:37:51.701Z,api-bank-app-2,75.44,77.71,1024.00,7.59
2026-02-22T14:37:51.701Z,api-bank-app-1,98.93,78.53,1024.00,7.67
2026-02-22T14:37:51.701Z,bank-api-pgbouncer,21.95,1.91,512.00,0.37
2026-02-22T14:37:51.701Z,bank-api-db,79.53,225.60,6144.00,3.67
2026-02-22T14:37:52.724Z,api-bank-app-2,97.32,78.55,1024.00,7.67
2026-02-22T14:37:52.724Z,api-bank-app-1,77.1,78.55,1024.00,7.67
2026-02-22T14:37:52.724Z,bank-api-pgbouncer,20.82,1.91,512.00,0.37
2026-02-22T14:37:52.724Z,bank-api-db,77.24,225.90,6144.00,3.68
2026-02-22T14:37:53.738Z,api-bank-app-2,94.38,77.89,1024.00,7.61
2026-02-22T14:37:53.738Z,api-bank-app-1,91.89,78.59,1024.00,7.67
2026-02-22T14:37:53.738Z,bank-api-pgbouncer,22.59,1.92,512.00,0.38
2026-02-22T14:37:53.738Z,bank-api-db,86.93,226.70,6144.00,3.69
2026-02-22T14:37:54.792Z,api-bank-app-2,87.59,77.77,1024.00,7.59
2026-02-22T14:37:54.792Z,api-bank-app-1,86.95,78.53,1024.00,7.67
2026-02-22T14:37:54.792Z,bank-api-pgbouncer,21.98,1.91,512.00,0.37
2026-02-22T14:37:54.792Z,bank-api-db,70.17,226.40,6144.00,3.68
2026-02-22T14:37:56.858Z,api-bank-app-2,64.16,77.83,1024.00,7.6
2026-02-22T14:37:56.858Z,api-bank-app-1,99.04,78.58,1024.00,7.67
2026-02-22T14:37:56.858Z,bank-api-pgbouncer,21.19,1.92,512.00,0.37
2026-02-22T14:37:56.858Z,bank-api-db,68.43,226.70,6144.00,3.69
2026-02-22T14:37:57.852Z,api-bank-app-2,89.82,77.89,1024.00,7.61
2026-02-22T14:37:57.852Z,api-bank-app-1,83.62,78.54,1024.00,7.67
2026-02-22T14:37:57.852Z,bank-api-pgbouncer,21.19,1.92,512.00,0.37
2026-02-22T14:37:57.852Z,bank-api-db,72.81,227.10,6144.00,3.7
2026-02-22T14:37:58.995Z,api-bank-app-2,89.82,77.89,1024.00,7.61
2026-02-22T14:37:58.995Z,api-bank-app-1,83.62,78.54,1024.00,7.67
2026-02-22T14:37:58.995Z,bank-api-pgbouncer,21.68,2.17,512.00,0.42
2026-02-22T14:37:58.995Z,bank-api-db,77.77,226.60,6144.00,3.69
2026-02-22T14:37:59.061Z,api-bank-app-2,92.72,77.64,1024.00,7.58
2026-02-22T14:37:59.061Z,api-bank-app-1,89.07,79.06,1024.00,7.72
2026-02-22T14:37:59.061Z,bank-api-pgbouncer,25.14,1.90,512.00,0.37
2026-02-22T14:37:59.061Z,bank-api-db,77.77,226.60,6144.00,3.69
2026-02-22T14:37:59.978Z,api-bank-app-2,90.23,77.79,1024.00,7.6
2026-02-22T14:37:59.978Z,api-bank-app-1,82.39,78.90,1024.00,7.7
2026-02-22T14:37:59.978Z,bank-api-pgbouncer,26.76,2.18,512.00,0.43
2026-02-22T14:37:59.978Z,bank-api-db,65.44,227.20,6144.00,3.7
2026-02-22T14:38:01.014Z,api-bank-app-2,56.79,77.55,1024.00,7.57
2026-02-22T14:38:01.014Z,api-bank-app-1,99.07,78.64,1024.00,7.68
2026-02-22T14:38:01.014Z,bank-api-pgbouncer,22.76,2.16,512.00,0.42
2026-02-22T14:38:01.014Z,bank-api-db,62.88,227.10,6144.00,3.7
2026-02-22T14:38:02.066Z,api-bank-app-2,76.12,77.82,1024.00,7.6
2026-02-22T14:38:02.066Z,api-bank-app-1,94.57,78.70,1024.00,7.69
2026-02-22T14:38:02.066Z,bank-api-pgbouncer,20.26,2.18,512.00,0.43
2026-02-22T14:38:02.066Z,bank-api-db,69.83,226.60,6144.00,3.69
2026-02-22T14:38:03.043Z,api-bank-app-2,66.79,77.85,1024.00,7.6
2026-02-22T14:38:03.043Z,api-bank-app-1,97.58,78.64,1024.00,7.68
2026-02-22T14:38:03.043Z,bank-api-pgbouncer,20.88,1.92,512.00,0.37
2026-02-22T14:38:03.043Z,bank-api-db,67.94,227.00,6144.00,3.69
2026-02-22T14:38:04.109Z,api-bank-app-2,78.69,77.93,1024.00,7.61
2026-02-22T14:38:04.109Z,api-bank-app-1,96.93,78.62,1024.00,7.68
2026-02-22T14:38:04.109Z,bank-api-pgbouncer,19.7,2.18,512.00,0.42
2026-02-22T14:38:04.109Z,bank-api-db,77.77,227.20,6144.00,3.7
2026-02-22T14:38:05.096Z,api-bank-app-2,85,77.84,1024.00,7.6
2026-02-22T14:38:05.096Z,api-bank-app-1,92.42,78.70,1024.00,7.69
2026-02-22T14:38:05.096Z,bank-api-pgbouncer,23.08,1.92,512.00,0.37
2026-02-22T14:38:05.096Z,bank-api-db,79.24,227.20,6144.00,3.7
2026-02-22T14:38:06.116Z,api-bank-app-2,86.41,77.90,1024.00,7.61
2026-02-22T14:38:06.116Z,api-bank-app-1,84.93,79.22,1024.00,7.74
2026-02-22T14:38:06.116Z,bank-api-pgbouncer,23.55,1.93,512.00,0.38
2026-02-22T14:38:06.116Z,bank-api-db,80.38,227.20,6144.00,3.7
2026-02-22T14:38:07.134Z,api-bank-app-2,97.71,78.17,1024.00,7.63
2026-02-22T14:38:07.134Z,api-bank-app-1,85.25,78.91,1024.00,7.71
2026-02-22T14:38:07.134Z,bank-api-pgbouncer,24.12,1.94,512.00,0.38
2026-02-22T14:38:07.134Z,bank-api-db,84.26,227.00,6144.00,3.7
2026-02-22T14:38:08.149Z,api-bank-app-2,77.94,78.31,1024.00,7.65
2026-02-22T14:38:08.149Z,api-bank-app-1,97.85,78.96,1024.00,7.71
2026-02-22T14:38:08.149Z,bank-api-pgbouncer,22.6,1.94,512.00,0.38
2026-02-22T14:38:08.149Z,bank-api-db,81.19,227.10,6144.00,3.7
2026-02-22T14:38:09.189Z,api-bank-app-2,93.86,78.24,1024.00,7.64
2026-02-22T14:38:09.189Z,api-bank-app-1,88.09,78.88,1024.00,7.7
2026-02-22T14:38:09.189Z,bank-api-pgbouncer,23.66,2.18,512.00,0.43
2026-02-22T14:38:09.189Z,bank-api-db,82.82,227.30,6144.00,3.7
2026-02-22T14:38:10.224Z,api-bank-app-2,71.12,78.29,1024.00,7.65
2026-02-22T14:38:10.224Z,api-bank-app-1,97.54,78.84,1024.00,7.7
2026-02-22T14:38:10.224Z,bank-api-pgbouncer,20.49,1.94,512.00,0.38
2026-02-22T14:38:10.224Z,bank-api-db,72.62,226.80,6144.00,3.69
2026-02-22T14:38:11.226Z,api-bank-app-2,86.24,78.28,1024.00,7.64
2026-02-22T14:38:11.226Z,api-bank-app-1,87.78,78.80,1024.00,7.7
2026-02-22T14:38:11.226Z,bank-api-pgbouncer,22.51,1.92,512.00,0.38
2026-02-22T14:38:11.226Z,bank-api-db,80.69,227.30,6144.00,3.7
2026-02-22T14:38:12.250Z,api-bank-app-2,88.51,78.62,1024.00,7.68
2026-02-22T14:38:12.250Z,api-bank-app-1,63.89,78.88,1024.00,7.7
2026-02-22T14:38:12.250Z,bank-api-pgbouncer,20.32,1.93,512.00,0.38
2026-02-22T14:38:12.250Z,bank-api-db,70.7,227.40,6144.00,3.7
2026-02-22T14:38:13.284Z,api-bank-app-2,94.64,78.57,1024.00,7.67
2026-02-22T14:38:13.284Z,api-bank-app-1,92.14,78.95,1024.00,7.71
2026-02-22T14:38:13.284Z,bank-api-pgbouncer,24.61,1.94,512.00,0.38
2026-02-22T14:38:13.284Z,bank-api-db,85.58,227.80,6144.00,3.71
2026-02-22T14:38:14.331Z,api-bank-app-2,82.26,78.86,1024.00,7.7
2026-02-22T14:38:14.331Z,api-bank-app-1,87.55,78.87,1024.00,7.7
2026-02-22T14:38:14.331Z,bank-api-pgbouncer,22.55,1.91,512.00,0.37
2026-02-22T14:38:14.331Z,bank-api-db,79.61,228.40,6144.00,3.72
2026-02-22T14:38:15.322Z,api-bank-app-2,99.71,78.89,1024.00,7.7
2026-02-22T14:38:15.322Z,api-bank-app-1,76.86,78.86,1024.00,7.7
2026-02-22T14:38:15.322Z,bank-api-pgbouncer,22.17,1.92,512.00,0.38
2026-02-22T14:38:15.322Z,bank-api-db,78.97,228.00,6144.00,3.71
2026-02-22T14:38:16.354Z,api-bank-app-2,91.32,78.89,1024.00,7.7
2026-02-22T14:38:16.354Z,api-bank-app-1,87.56,79.15,1024.00,7.73
2026-02-22T14:38:16.354Z,bank-api-pgbouncer,22.61,1.92,512.00,0.38
2026-02-22T14:38:16.354Z,bank-api-db,80.26,227.90,6144.00,3.71
2026-02-22T14:38:17.373Z,api-bank-app-2,71.45,79.26,1024.00,7.74
2026-02-22T14:38:17.373Z,api-bank-app-1,92.35,78.66,1024.00,7.68
2026-02-22T14:38:17.373Z,bank-api-pgbouncer,21.64,1.92,512.00,0.38
2026-02-22T14:38:17.373Z,bank-api-db,76.44,228.20,6144.00,3.71
2026-02-22T14:38:18.434Z,api-bank-app-2,83.62,78.89,1024.00,7.7
2026-02-22T14:38:18.434Z,api-bank-app-1,86.07,78.88,1024.00,7.7
2026-02-22T14:38:18.434Z,bank-api-pgbouncer,21.91,1.92,512.00,0.38
2026-02-22T14:38:18.434Z,bank-api-db,74.26,227.90,6144.00,3.71
2026-02-22T14:38:19.410Z,api-bank-app-2,78.13,78.77,1024.00,7.69
2026-02-22T14:38:19.410Z,api-bank-app-1,89.4,78.73,1024.00,7.69
2026-02-22T14:38:19.410Z,bank-api-pgbouncer,21.33,2.15,512.00,0.42
2026-02-22T14:38:19.410Z,bank-api-db,76.2,227.90,6144.00,3.71
2026-02-22T14:38:20.460Z,api-bank-app-2,97.86,78.95,1024.00,7.71
2026-02-22T14:38:20.460Z,api-bank-app-1,72.74,79.23,1024.00,7.74
2026-02-22T14:38:20.460Z,bank-api-pgbouncer,23.33,1.91,512.00,0.37
2026-02-22T14:38:20.460Z,bank-api-db,78.95,227.60,6144.00,3.7
2026-02-22T14:38:21.474Z,api-bank-app-2,83.43,78.82,1024.00,7.7
2026-02-22T14:38:21.474Z,api-bank-app-1,98,78.75,1024.00,7.69
2026-02-22T14:38:21.474Z,bank-api-pgbouncer,22.84,1.93,512.00,0.38
2026-02-22T14:38:21.474Z,bank-api-db,80.41,228.10,6144.00,3.71
2026-02-22T14:38:22.506Z,api-bank-app-2,85.94,79.92,1024.00,7.8
2026-02-22T14:38:22.506Z,api-bank-app-1,97.41,78.93,1024.00,7.71
2026-02-22T14:38:22.506Z,bank-api-pgbouncer,22.64,1.93,512.00,0.38
2026-02-22T14:38:22.506Z,bank-api-db,83.58,228.20,6144.00,3.71
2026-02-22T14:38:23.516Z,api-bank-app-2,91.16,78.91,1024.00,7.71
2026-02-22T14:38:23.516Z,api-bank-app-1,98.77,78.89,1024.00,7.7
2026-02-22T14:38:23.516Z,bank-api-pgbouncer,22.18,1.94,512.00,0.38
2026-02-22T14:38:23.516Z,bank-api-db,82.42,228.50,6144.00,3.72
2026-02-22T14:38:24.582Z,api-bank-app-2,87.28,78.95,1024.00,7.71
2026-02-22T14:38:24.582Z,api-bank-app-1,78.75,78.93,1024.00,7.71
2026-02-22T14:38:24.582Z,bank-api-pgbouncer,20.02,1.93,512.00,0.38
2026-02-22T14:38:24.582Z,bank-api-db,67.74,228.10,6144.00,3.71
2026-02-22T14:38:25.804Z,api-bank-app-2,76.4,78.91,1024.00,7.71
2026-02-22T14:38:25.804Z,api-bank-app-1,81.68,78.96,1024.00,7.71
2026-02-22T14:38:25.804Z,bank-api-pgbouncer,17.95,1.91,512.00,0.37
2026-02-22T14:38:25.804Z,bank-api-db,55.22,228.60,6144.00,3.72
2026-02-22T14:38:26.669Z,api-bank-app-2,99.02,79.21,1024.00,7.74
2026-02-22T14:38:26.669Z,api-bank-app-1,93.44,78.80,1024.00,7.7
2026-02-22T14:38:26.669Z,bank-api-pgbouncer,29.57,1.91,512.00,0.37
2026-02-22T14:38:26.669Z,bank-api-db,68.82,228.10,6144.00,3.71
2026-02-22T14:38:27.722Z,api-bank-app-2,88.17,79.51,1024.00,7.76
2026-02-22T14:38:27.722Z,api-bank-app-1,89.26,78.98,1024.00,7.71
2026-02-22T14:38:27.722Z,bank-api-pgbouncer,24.43,1.91,512.00,0.37
2026-02-22T14:38:27.722Z,bank-api-db,62.95,227.90,6144.00,3.71
2026-02-22T14:38:28.859Z,api-bank-app-2,71.85,78.86,1024.00,7.7
2026-02-22T14:38:28.859Z,api-bank-app-1,96.26,79.24,1024.00,7.74
2026-02-22T14:38:28.859Z,bank-api-pgbouncer,20.8,2.17,512.00,0.42
2026-02-22T14:38:28.859Z,bank-api-db,67.12,228.50,6144.00,3.72
2026-02-22T14:38:29.776Z,api-bank-app-2,99.78,79.20,1024.00,7.73
2026-02-22T14:38:29.776Z,api-bank-app-1,94.8,78.78,1024.00,7.69
2026-02-22T14:38:29.776Z,bank-api-pgbouncer,25.25,1.91,512.00,0.37
2026-02-22T14:38:29.776Z,bank-api-db,87.8,228.50,6144.00,3.72
2026-02-22T14:38:30.989Z,api-bank-app-2,96.45,79.00,1024.00,7.71
2026-02-22T14:38:30.989Z,api-bank-app-1,73.18,80.21,1024.00,7.83
2026-02-22T14:38:30.989Z,bank-api-pgbouncer,21.56,1.91,512.00,0.37
2026-02-22T14:38:30.989Z,bank-api-db,72.63,228.50,6144.00,3.72
2026-02-22T14:38:31.955Z,api-bank-app-2,86.87,78.73,1024.00,7.69
2026-02-22T14:38:31.955Z,api-bank-app-1,94.71,80.22,1024.00,7.83
2026-02-22T14:38:31.955Z,bank-api-pgbouncer,25.86,1.91,512.00,0.37
2026-02-22T14:38:31.955Z,bank-api-db,76.1,228.40,6144.00,3.72
2026-02-22T14:38:32.859Z,api-bank-app-2,63.19,78.90,1024.00,7.71
2026-02-22T14:38:32.859Z,api-bank-app-1,99.51,79.00,1024.00,7.71
2026-02-22T14:38:32.859Z,bank-api-pgbouncer,23.77,2.16,512.00,0.42
2026-02-22T14:38:32.859Z,bank-api-db,67.24,228.80,6144.00,3.72
2026-02-22T14:38:33.902Z,api-bank-app-2,80.55,79.00,1024.00,7.71
2026-02-22T14:38:33.902Z,api-bank-app-1,84.01,79.05,1024.00,7.72
2026-02-22T14:38:33.902Z,bank-api-pgbouncer,20.01,1.92,512.00,0.37
2026-02-22T14:38:33.902Z,bank-api-db,74.69,228.80,6144.00,3.72
2026-02-22T14:38:34.899Z,api-bank-app-2,89.52,78.75,1024.00,7.69
2026-02-22T14:38:34.899Z,api-bank-app-1,93.72,79.07,1024.00,7.72
2026-02-22T14:38:34.899Z,bank-api-pgbouncer,23.62,2.16,512.00,0.42
2026-02-22T14:38:34.899Z,bank-api-db,86.15,228.60,6144.00,3.72
2026-02-22T14:38:35.968Z,api-bank-app-2,78.12,79.00,1024.00,7.72
2026-02-22T14:38:35.968Z,api-bank-app-1,98.58,78.82,1024.00,7.7
2026-02-22T14:38:35.968Z,bank-api-pgbouncer,22.74,1.92,512.00,0.37
2026-02-22T14:38:35.968Z,bank-api-db,79.36,229.30,6144.00,3.73
2026-02-22T14:38:36.979Z,api-bank-app-2,78.12,79.00,1024.00,7.72
2026-02-22T14:38:36.979Z,api-bank-app-1,90.97,79.25,1024.00,7.74
2026-02-22T14:38:36.979Z,bank-api-pgbouncer,19.91,1.92,512.00,0.38
2026-02-22T14:38:36.979Z,bank-api-db,79.36,229.30,6144.00,3.73
2026-02-22T14:38:37.970Z,api-bank-app-2,85.18,79.04,1024.00,7.72
2026-02-22T14:38:37.970Z,api-bank-app-1,93.89,79.00,1024.00,7.72
2026-02-22T14:38:37.970Z,bank-api-pgbouncer,21.89,1.92,512.00,0.37
2026-02-22T14:38:37.970Z,bank-api-db,80.34,229.10,6144.00,3.73
2026-02-22T14:38:39.015Z,api-bank-app-2,90.65,78.89,1024.00,7.7
2026-02-22T14:38:39.015Z,api-bank-app-1,71.88,78.62,1024.00,7.68
2026-02-22T14:38:39.015Z,bank-api-pgbouncer,19.52,1.91,512.00,0.37
2026-02-22T14:38:39.015Z,bank-api-db,72.88,228.80,6144.00,3.72
2026-02-22T14:38:39.017Z,api-bank-app-2,90.65,78.89,1024.00,7.7
2026-02-22T14:38:39.017Z,api-bank-app-1,71.88,78.62,1024.00,7.68
2026-02-22T14:38:39.017Z,bank-api-pgbouncer,19.52,1.91,512.00,0.37
2026-02-22T14:38:39.017Z,bank-api-db,72.88,228.80,6144.00,3.72
2026-02-22T14:38:41.043Z,api-bank-app-2,0.02,78.54,1024.00,7.67
2026-02-22T14:38:41.043Z,api-bank-app-1,0.03,78.60,1024.00,7.68
2026-02-22T14:38:41.043Z,bank-api-pgbouncer,0.07,1.89,512.00,0.37
2026-02-22T14:38:41.043Z,bank-api-db,0.17,228.20,6144.00,3.71
2026-02-22T14:38:41.066Z,api-bank-app-2,0.02,78.54,1024.00,7.67
2026-02-22T14:38:41.066Z,api-bank-app-1,0.03,78.60,1024.00,7.68
2026-02-22T14:38:41.066Z,bank-api-pgbouncer,0.07,1.89,512.00,0.37
2026-02-22T14:38:41.066Z,bank-api-db,0.17,228.20,6144.00,3.71
2026-02-22T14:38:42.058Z,api-bank-app-2,0.01,78.53,1024.00,7.67
2026-02-22T14:38:42.058Z,api-bank-app-1,0,78.58,1024.00,7.67
2026-02-22T14:38:42.058Z,bank-api-pgbouncer,0.05,1.89,512.00,0.37
2026-02-22T14:38:42.058Z,bank-api-db,0.03,228.20,6144.00,3.71
2026-02-22T14:38:43.069Z,api-bank-app-2,0,78.52,1024.00,7.67
2026-02-22T14:38:43.069Z,api-bank-app-1,0.02,78.58,1024.00,7.67
2026-02-22T14:38:43.069Z,bank-api-pgbouncer,0.05,1.89,512.00,0.37
2026-02-22T14:38:43.069Z,bank-api-db,0.04,228.20,6144.00,3.71
2026-02-22T14:38:44.079Z,api-bank-app-2,0,78.52,1024.00,7.67
2026-02-22T14:38:44.079Z,api-bank-app-1,0,78.58,1024.00,7.67
2026-02-22T14:38:44.079Z,bank-api-pgbouncer,0.03,1.89,512.00,0.37
2026-02-22T14:38:44.079Z,bank-api-db,0.03,228.20,6144.00,3.71
2026-02-22T14:38:45.099Z,api-bank-app-2,0.02,78.52,1024.00,7.67
2026-02-22T14:38:45.099Z,api-bank-app-1,0.02,78.58,1024.00,7.67
2026-02-22T14:38:45.099Z,bank-api-pgbouncer,0.05,1.89,512.00,0.37
2026-02-22T14:38:45.099Z,bank-api-db,0.04,228.20,6144.00,3.71
2026-02-22T14:38:46.112Z,api-bank-app-2,0,78.52,1024.00,7.67
2026-02-22T14:38:46.112Z,api-bank-app-1,0,78.57,1024.00,7.67
2026-02-22T14:38:46.112Z,bank-api-pgbouncer,0.04,1.89,512.00,0.37
2026-02-22T14:38:46.112Z,bank-api-db,19.36,228.20,6144.00,3.71
2026-02-22T14:38:47.135Z,api-bank-app-2,0.09,78.52,1024.00,7.67
2026-02-22T14:38:47.135Z,api-bank-app-1,0,78.57,1024.00,7.67
2026-02-22T14:38:47.135Z,bank-api-pgbouncer,0.05,1.89,512.00,0.37
2026-02-22T14:38:47.135Z,bank-api-db,0.02,228.20,6144.00,3.71
